0,1,2,Class
3.16204829435055,0.09257882476195357,-1.5139172063545419,0
1.611998262027494,-1.3842553162127804,1.1713454040402327,1
1.9951837070162382,0.6551160877358352,-0.39230519495943056,0
-1.1812648020227654,-2.7732636029391635,0.23211000556859482,1
1.7751859762662259,0.5878825320418403,-0.9482297386873146,0
2.9489143653728416,0.14580354572577958,-1.3432026452018002,0
3.98198104162727,-0.9097326604616665,0.3207379408105947,0
2.6036608747116157,0.4992160726682877,-1.6406601846565436,0
-1.6621126066951923,-1.6184636693785974,-1.868724944854379,1
3.469450282113311,-0.9865913884697414,0.2150236703747773,0
3.454349403401466,-0.7197665979452861,0.3370825127082771,0
-1.8294075670380867,-0.7392147278443504,0.14781379137031606,1
2.91432763091635,0.39707035900268034,-1.939314342016475,0
-1.674689038584911,-1.552091551901149,-1.5336223011659438,1
2.8971250706842944,-0.13806183581577652,1.8294722964408368,0
2.0029690891512226,-1.748638688917254,0.6987470765450514,0
0.6677061065360305,-0.3262779222503476,-1.9868544163602488,1
3.9914689240124357,-0.7878564399780386,0.10028657345800737,0
-0.4095644892681811,-0.4705580835230232,-1.4360472169311769,1
1.1983874624490607,-0.8662262201851252,-1.4828919046335716,1
3.388497043389571,-0.46884213764849336,0.6082712604112909,0
1.2204277970508564,-0.2541335100206632,-1.64373743990481,0
3.8234562632555615,-0.7637337183019435,0.3020560916807313,0
-0.6771963734180082,-1.905889027867877,-1.1960480202855819,1
2.3960866055644363,0.4972069834090748,-1.4653632068002633,0
2.9181233280021694,0.4786301278264696,-1.466708321878559,0
-2.9120671976578865,-1.3598343122667809,0.10662711756682379,0
2.406597733261607,0.24714325810599133,-1.559778994978103,0
3.657137448847473,-1.4784258640566204,0.5379078002356001,0
2.600777506789908,0.49935223931756373,-1.5823729824565131,0
0.9497309324266997,-0.9299471420433214,-0.49663107148836,1
1.7253264704358158,0.7370471255833878,-1.1631408104963787,0
-0.7113196828661685,-0.659707943085409,-1.2680253744177763,1
-0.8844781600837613,-0.08726286139438208,-0.08486776566613906,1
3.689690280959921,-0.8205009807530713,0.36340063550504004,0
3.2037020154221842,0.1943420752941685,-1.98267926635737,0
-3.4384616758745645,0.7219174349957759,-0.31563881482489176,1
3.415925775623356,-0.39678541465070166,1.4675147151220977,0
2.420403523345823,2.282152534808453,2.4718626565851176,0
-0.8731599613654598,-2.770908163519995,0.3836817079255007,0
3.223660076785742,-0.8778474440008095,0.650261930712283,0
-0.5061768398884867,-1.867062690597053,2.1569915375235906,1
3.150146746858298,0.111448363489972,-1.5889218365041524,0
1.9923722843399834,0.9119130747020495,0.6427029984818242,0
-1.7072357013999067,-1.3544854164370368,-2.040523661216916,1
-1.0944625982866976,-1.3751826287427227,-0.9156048690662166,0
1.9711619557584013,0.1421106229547843,-1.9540918854007963,0
2.842066091448264,0.363697191712866,-1.3438613133937887,0
1.686481306991036,-0.596865715983996,-1.2721091627245493,0
0.7373937520113946,-0.581740905419296,-1.7724338848819552,1
-2.0920437739850746,-1.6695476082846732,-1.5584092106821865,1
-1.2981867242578173,-2.780964079235478,0.030271919925621858,1
1.6615527128552536,2.781710340426287,-0.8191164465981723,0
3.8608739049949707,-0.9494992762876375,0.16521372485050467,0
-0.9104781043146153,-2.640219868331149,0.30432218267296973,0
3.6376968471584523,-0.8298106366756711,0.7416074824267028,0
-1.1012493244552026,-1.7909594407571754,-2.0925566355169427,1
0.2507493499944272,0.5368654794173402,0.6402268192174514,1
0.47846404242721774,0.10882608215233563,0.5463069025443918,0
-2.433712058661301,-1.249573592323342,-0.20263969249480993,1
3.1671445708920447,0.3553670653427096,-1.7302448872671405,0
3.6132323699620414,-0.8749434480878845,0.8604412159328181,0
1.4186022723184177,0.1396631933518012,-1.595239379656805,0
-1.6175637101902702,-1.636539127055536,-1.8114650162436092,1
3.6714458680795503,-0.7173376387067325,0.12917478980094313,0
3.8022048178632732,-0.983018924057527,-0.08594138436269601,0
2.4872027774497325,-1.262122763635123,0.2938927515191957,0
3.575365361565568,0.3094737397682713,-2.094389929502793,0
-3.6728911408461338,-1.5699372845808055,0.46097279328969326,1
1.8591045894387428,-0.44988044706867103,-1.1971146338866105,0
-0.9827219910652533,-0.9064142156237937,0.31805293554887565,1
2.6480082093591233,0.370295102193972,-1.7132927574114256,0
0.10824006665721912,-0.22643729471814966,-1.5666588951264373,1
1.7060979537357004,-0.4844883408438503,1.4827361970983575,0
-2.0274897242903855,-1.6924195029026645,-1.3065478105001418,1
1.8572145892211247,0.6372758056514012,-1.2242792953906316,0
0.6981057944872097,-1.342014042716232,-1.7340000966020286,1
2.6029643407359138,-0.9635145439910171,-0.04617228917376726,0
0.8891731253576771,-0.22341763104607665,-1.7763985022837334,0
0.36342034183313404,-0.3469325408062187,-1.4543827430657779,1
2.472864488087836,0.44858276563505406,-1.1238144362468192,0
2.709789308256888,0.38106624509551285,-1.4621727369111919,0
-0.6475272595950425,-0.35144562886113206,-1.0009988943598351,1
2.6114385655490873,0.38183873309127797,-1.1205709890711189,0
-2.8480486717123097,0.981986960750997,-0.5216748192256735,1
-2.6560646283026697,-1.162146061615954,-1.3289512972840385,1
-3.4946077653210708,0.679672292855631,0.06876265276182447,1
0.20819054791581532,-2.6658767307194675,0.5949099047858378,0
0.7767245071612009,0.41630547534119494,0.6807989607176025,1
-2.0226104690304756,-1.413695182461291,-1.5180626495705338,0
3.864247024315244,-0.7455063332244769,0.1530145675304204,0
1.6483843921571861,-0.10901983264973839,-1.7657647624043005,0
3.6119546934138156,-0.756851295857748,0.3072793939032286,0
-2.3140454524481977,-1.9521820482952903,-1.3105977615971853,1
3.4341664200340416,-0.0714243780329653,1.7814207131668032,0
-2.033687642057557,-1.7173651483796333,-1.2476035600409188,1
2.628825869697986,0.354904225044404,-1.6165109784132015,0
1.6498638414577858,3.057010560448093,-0.4159014216700238,0
1.0988306312174705,0.6631239051685117,-1.6996368180677495,0
2.895927775331468,0.2058721751979989,-1.7505963389913677,0
-2.6848480501721697,-1.0336267119066636,0.30559627465650746,1
0.8120254532642212,0.3465365284759175,-1.7225887777078182,0
0.672122024285406,-2.50977676606683,0.7343406874782579,1
-1.7724781181302478,0.22297213799017598,-0.8616681355175816,1
-0.026552733140623622,-0.2587185023559603,-1.8198591783587705,1
1.6250471174795043,2.7396881913976254,-0.3948550773085959,0
1.5975272088547223,-0.5649253556405092,1.623905001084404,0
2.649288615880512,0.7629449131502423,-0.1530732184455229,0
1.1122831160893374,0.4485537000384381,-1.6096711171851699,0
2.1363838562611037,0.11516551459823735,-1.2696020809763682,0
1.585652163987811,-1.4105221969731807,0.698899223198438,0
-2.8969863885291574,-1.8963996579494393,-1.104807347872222,1
-0.9985165576462262,1.5123926707809539,-0.9829406043886947,0
2.974070106317832,0.0649558317882518,-1.6209466701597235,0
2.6307078320770017,-0.12553597769562305,2.165519271735744,0
-0.020726164641352664,-2.7856993704351187,-0.46472310321453303,1
0.7424026646010699,-0.6052201181756361,-1.7581690124435299,1
-2.2672059765717236,-0.0921130129167695,2.9881484556388718,1
3.392130333517354,0.11294141013511687,2.170443797047661,0
1.47976819730591,0.18567788162943136,-0.9866483387485021,1
1.4830506972494668,1.081287395297975,1.6633595588301457,1
3.1731729573591934,-0.7972900743304516,0.7626288610694076,0
1.0614365320892478,0.6913847418005982,-0.34472053775290684,0
-0.05759460854529075,-3.090850702414789,1.180204926118897,1
2.512605695874256,0.40202463358736434,-1.2708593929742713,0
2.235875968754805,0.3721414721619734,-1.5782000657768362,0
4.372087703189169,-0.7576957307891288,-0.01944759387259794,0
2.2754909320446672,-1.118044026227359,0.25534728272833035,0
2.724234791055838,1.6532438993270346,1.1525481872095555,0
-0.5172441089519608,-1.2735250810577716,-1.4527076983684892,0
2.3475712897847036,0.2236355082733794,-1.284790735405831,0
-1.1224073737732174,-1.2401814562478666,-2.05120492747319,1
-2.7552709439189074,-1.6830779162416185,0.7572351546815959,1
-2.6604976246332326,-1.0898149447510674,0.29251121013949494,1
-1.5700701447672702,-2.3237886540842414,2.113856851486214,0
1.4449205266211576,-0.14936803673659188,-1.1207860837974295,1
3.6418819675693412,-0.3206522013194,1.6756549391283013,0
2.006897634332135,0.4820698968355345,-0.14216263637152268,0
-1.8551345491774658,-1.1587106897312627,-1.658930184143059,1
-1.9328679008042589,-1.8069067877124658,-1.4945322934678777,1
-2.621233293554806,-2.0947162635153873,-1.0849499727091967,1
-2.5890244859924247,-1.5808625837450183,0.28175287538608784,1
-2.4417083649573077,-1.5958612895975683,0.49385572502678077,1
1.3782947033251238,0.1265667114088408,-1.3218083657879922,0
2.0846111524893582,-1.675149760803042,0.7064352160969319,1
1.6374687672330777,0.046165262818409165,-2.042762169845986,0
2.9503919583733347,0.4285339701691208,-1.8370443343502558,0
3.68695281533368,-0.42019569985272587,1.7229693932739958,0
2.7951956153804227,0.5603912987067117,-1.644906733321394,0
-2.30090694078538,-0.11421694337030175,-0.2757284562221303,1
2.5961217377912025,0.34649064225109416,-1.8920222550141137,0
2.284764473700612,0.6481774126459869,-2.092952618748874,0
2.962443172070037,0.16731617743501626,-1.7002381046911659,0
1.3069530669367269,0.11752931758183367,-1.4849539041909474,0
2.647794644024772,0.661102019933244,-0.19991389346589006,0
-2.9548228875948115,0.2659828233308995,-0.011216211308316827,1
-1.1957622176624532,-1.410135638743302,-2.175069234329867,1
1.1361931763162074,0.2810340605409946,-1.5779712753697244,0
-2.1299699302483717,-1.863462088708954,-1.7070064437041708,1
1.467768952850405,0.7600317811247238,0.46887358951207386,0
-2.860279233176939,0.9590938702713749,1.4301422887799264,1
-1.87103769731558,-1.2824456467010923,-1.9233939533362443,1
2.8896608395044914,0.15465533001846693,-1.142736753071515,0
2.8936190131936903,0.43600884115278526,-1.854031595906158,0
3.428553296739907,-0.8513486075519479,0.5134486886780832,0
0.014073093808393727,2.054054341778631,0.4815343489439909,1
-3.1380367410951915,-1.662333489071358,0.4530874198383388,1
2.3395401944489542,0.30505254271404697,-1.5188309522576655,0
0.6700910774125325,0.2479294611993298,-1.424141288903397,0
2.140836951243147,0.6717686411050922,-0.8561988648768925,0
3.342583856102562,0.22090727255357673,-2.116439857072158,0
2.908402228428699,0.39578452961289534,-1.1907103226059397,0
2.7913533377754836,0.08006774757976669,-1.1495587623584311,0
2.482643978204974,0.5927942619447977,-1.0553449279834988,0
-2.016916396586265,-1.785291335113388,-1.3188819573215254,1
-1.7815461835255268,-1.9015142376272791,-1.5313502091322173,1
-0.8680866477282398,-0.591292834627425,-1.224578321186863,1
2.4919067708738676,0.2147626531235764,-1.0644550607171905,0
2.5738993659908314,0.537322308106476,-1.5396817834322862,0
1.8251260075622688,-1.0611779811115647,0.067712474313204,0
-2.1559893010316613,-1.6343868285449668,-1.5174962566747165,1
2.663961180264353,0.37932472768019837,-1.468555763298036,0
-1.9879709554147722,-2.184713332901894,-1.1672548655374688,1
-1.9101541969876858,-0.9896399190367228,-0.39577760708420945,0
3.250529974512179,-1.1438062771151245,0.8622205966818152,0
-1.218451719690953,2.9327589125194216,1.6018519903498447,1
2.095550157441599,0.35385350025269297,-1.358396501258483,0
-2.1780976674706913,0.9015518207157895,-1.174106240990354,1
-0.8695977478299145,-2.967573366498472,0.19810471490940737,0
-2.7479146648871473,-1.3462535982766723,0.5858754212191316,1
0.49461403274311816,0.394498697537645,0.3835308705199026,0
1.6041598662827017,0.8331352372043783,0.334423356946588,0
2.8620128540943637,0.29753485667564467,-1.4937273493584555,0
1.9261987656503485,0.5888835047231319,-1.387914935291642,0
4.155965904611134,-0.767989538645235,0.11933224516828228,0
2.3139628440323308,-0.4236827499926788,1.638318992888625,0
-0.14724464046513183,-0.7323720090163262,-1.4406607122803698,0
2.646281782195466,0.15047184658439827,-1.4858277609770685,0
-1.6634541741270212,-1.343900691128231,-1.7967976999912556,1
0.9822967398416188,-1.441335218766431,1.4816677963142224,0
2.405852677751433,0.6590705844466531,-0.9990214334218862,0
2.463096871575479,0.510640795806157,-1.3533100590865503,0
2.2042708318801707,0.6244836131366925,-1.1626609867015927,0
3.752681189033427,-0.33971288908995534,1.0739927615838218,0
1.9637509233600583,0.5411560622176247,-1.5289594166864577,0
-0.2430915160094021,-0.7783074249679599,-1.6212858770103038,0
3.2651523863530816,-0.01982070541806439,0.22335908568929932,0
1.7707005766636459,-0.3325042719261141,-2.0117465101672036,1
3.2452718530237763,0.42524583878793026,-0.07738297811993848,0
-0.03984589647597742,-0.3242244736444201,-1.4443312322551003,1
-0.8562980461721151,2.019019246665619,-1.043072435895874,1
0.43361350123147435,-2.4236483791986716,0.7321033847823799,1
0.3058522056790759,-0.6922252336766987,-1.1148055356497824,0
2.8030160532741073,-0.1298489027709447,2.4544222587779885,0
-2.2737864611624445,-1.6326533481937133,-1.5598787754868992,1
3.140441143541123,-0.26892630454347316,2.6162587718255765,0
0.5542631526051317,-0.5604114737747943,-1.8959339986080486,1
2.1278016599009515,0.598789377475846,-1.1906959019090777,0
2.490521186271459,0.4573344136014999,-1.2918849684385794,0
3.3613574498967282,0.10592026917355724,-1.851991938673315,0
-0.18836322497732055,-0.3918462271553303,-1.6815644957886644,1
-0.7006936861475587,-3.0086806840617943,0.7266566901689464,1
3.060197858311443,-0.5776467756481786,0.46086273774397357,0
3.206964501275801,0.22606565301176684,-1.5164044225867401,0
1.7439659614022334,2.794203149134777,-0.6725117355420751,0
0.09695386237889986,-0.5438949069052779,-1.2517738400804101,1
2.1610674738215945,0.6562605448846364,-1.2379491960375957,0
-1.706279024300799,-1.3823854204236699,-2.341888138103489,1
3.2345079819984734,0.1348171889064394,-1.694262676652304,0
2.5186758112646106,-0.4426690281179459,1.5371945333879347,0
1.8985344042623868,-0.14975201999911653,-1.7578089917786879,0
2.7799579160238013,0.2951075018255314,-1.2957333725201512,0
3.7838211933811063,-1.020718775281646,-0.042088203894828626,0
1.6678738282199401,0.11615792796315498,-1.9688780270333965,0
2.9947118545530036,-0.5736466662004456,2.205808513439044,0
0.10502805672872847,-1.283034028038825,-1.949866055688288,0
-2.004964173917403,-2.153171685794506,-1.6724885187015766,1
0.6651793938094401,-0.084893698881267,-0.3618894969017786,1
-2.3318689995572313,-2.109856469278974,-1.2020937552143518,1
-2.7027418061905975,-1.7971245623159209,-1.2964161578869686,1
2.6480301073789563,0.06300448268914573,-1.0552047084335465,0
-2.3749736570670796,-1.738035937264384,-0.7018389313169487,1
-1.5866012587859188,0.734610061173991,-0.12873551521703938,1
3.5418931941285625,-0.9621303414044053,0.05013740869360494,0
-2.1341853181191968,-1.6982728852633888,-1.4131052893971185,1
1.490057275585555,0.586440825244617,-0.6261147159161493,0
-0.7999072265891397,-1.2302036401281085,-1.1212293941970382,1
-2.720054634179185,1.7090260965001045,1.058743338162743,1
-2.127097325732622,-0.9900100839049589,-0.266919404254047,1
-1.7309690810329974,-1.831101070992313,-1.5560404490317277,1
0.3507489788729285,-1.2091808658960361,-1.2657044401484563,1
-0.5892667163203611,-0.783593441851045,-1.4562160358532077,1
-1.0215936177912937,-0.35360436722856753,-0.027793808294969313,0
2.1891389690023675,0.11901035151704273,-0.8894562440359207,0
-2.5463543447352994,-1.7164162325556673,-1.3178887401669213,1
3.0818256262598998,-0.7810957737361,0.7141031631951132,0
3.468810416423486,-1.3828413153788837,2.774288610488685,0
2.692406896138185,0.5702364503879458,-1.3384411974479047,0
2.6561747405689546,-0.732897097787136,0.9031298743715934,0
3.7204780094935326,-1.0682401017337475,0.5734997833333535,0
1.4954090988417923,-0.7774002242366068,-1.632781126117569,0
3.227324174390173,-0.9332039134888002,0.45595108121976846,0
-1.5320830354711967,-1.3400098695858456,-2.009132183810034,1
-0.43457389678582303,-0.041295013997951664,-1.4170853525002964,1
-0.7316909639219125,-1.1142147425692408,-1.22780461542382,1
2.7853831230411408,0.07197551570560605,-0.8951118213500019,0
-1.9510968766494685,-1.685112761434038,-1.5596240427439065,1
3.2194710443674293,0.3787037650893209,-2.2701549553850002,0
-2.2603661776558464,-1.503983523744423,-1.6331930182795933,1
1.5167375511569063,-1.6316321754802832,0.9518239863823791,0
1.4866205702501956,0.19140348986509526,-1.8149913867444594,0
4.31888481483145,-0.8022763887429635,-0.35914706669354385,0
-2.4345729724573824,-1.73608982623937,-1.2251765534802057,1
1.848643553521398,0.5178016507242248,0.8663391715498491,0
3.8726446317105894,-1.2156291077676349,0.9491947029043766,0
1.2736246573716774,0.491265769723309,-0.5379938117587058,0
0.42759101677304484,-0.19467019664874632,-0.8484951505795044,1
-2.1933463626576746,-1.6577025318119598,-1.1381397003016853,1
-1.5900730146189446,-2.6049561819865734,2.594032515821571,0
3.158229993989554,-0.38847466290414195,2.0709527046577616,0
1.773275117152321,0.4703234467714734,1.0388072313784695,0
-0.7394495718752362,-0.7492764891313166,-1.1442988447727196,1
1.4224175722947479,-1.937140510454928,0.7547154376919137,0
3.392656223563844,-0.5965698294602114,2.021829208597709,0
1.9052962153794986,-0.27711688070168844,-1.4267198122038383,0
2.988381399730097,-0.5175115834746651,0.41654006748937455,0
1.0048466580838533,0.38188735110821587,-1.2989177553961757,0
2.4341038942492412,0.5488645385063973,-1.6270386794699019,0
2.8602995019822974,-0.909802821899462,2.2320101082342036,0
3.327005285041599,0.47925578127102136,-1.969736320493259,0
2.323041857529919,0.6081795672355788,-1.4631759030691462,0
3.2771377093160727,-1.1308287731576048,0.5140876078774416,0
1.295825032279808,0.3335393258285338,-1.5264413216363393,0
-2.4043100030771987,-0.5362417861170669,-1.9113754528505502,1
1.3804038117991808,3.6901015716310965,-1.0905565748182244,1
-1.9223315363351845,2.2579541671071914,-1.2106351229298782,1
-2.673488393766906,1.6255343929569914,-1.0075935031141585,1
-2.0791421217073567,2.741995616880808,0.311077898793088,1
-1.4069782312536327,2.7989442830524256,-1.3152927667660705,1
-0.384957151452694,3.5149336609087944,0.4109334540203097,1
-1.358524332384402,2.6349841513374948,-0.3399208452170447,1
1.772441185043546,1.508815455941436,0.00201510559060419,0
-0.3027441834237727,3.102967927281884,-0.9461295379547866,1
-2.5720439929667704,1.443709972786211,2.8253431149084434,1
-1.4820266724136586,2.477970591592819,-1.1353736576976035,1
-0.643407731649483,0.944828467300746,0.6017253666581275,1
-0.8586797021384344,2.7720348701897803,-0.962433221250873,1
0.30752147269441277,1.4091778742788892,0.19784170397886106,0
0.07858762057555195,3.311481801687746,-0.9723528085665727,1
-0.47051184673635443,3.267715693980935,-0.6741007058268846,1
0.5294202183411653,0.7058948789826197,-1.0508661494001919,0
-0.23201183445113815,3.369080200957352,-0.9373367470209536,1
0.5563059562815262,2.999784190346708,-1.0997346537942887,1
0.8657661638995952,3.21608582435988,-1.609925798960194,1
-1.72589225333424,-0.31047621948266263,-1.947239240412484,0
-0.018654257652751034,3.8928915038869416,1.3996651236669313,1
-0.08872805574012745,3.1120481914672355,-0.6120548696209608,1
-1.9557346456227653,2.084564968937241,-0.9152543602805566,1
-2.5098568923594957,2.4104064084877104,-0.6056406426210235,1
-0.6479069382310205,3.082832327089339,-0.2511058851899948,1
-0.5034791634293337,2.695596782290338,-0.020403583261718004,1
-1.2180930659839564,3.032092572276789,-1.1436569804548766,1
1.2866591160728125,1.6382512394715656,0.5886895814907589,1
-3.160357972717901,2.026960878934179,-0.5315014890586519,1
-0.6361919312396284,3.708244820214803,-0.19237051812259268,1
-1.6906101758950363,2.574828431885146,-1.613907465104447,1
2.202875931335318,1.2225705964905311,-1.8312098781917179,0
-1.7449125746816758,2.2855802633690523,-1.0947247570856928,1
-3.0898337645449225,1.773169991865395,-1.6302251522619282,1
-3.3121344684457474,2.7087681333163287,0.9531825190115291,1
0.5145716876519612,3.350556558554195,-0.2977447512976068,1
-0.6012368331051071,4.068209889862127,0.17755256740987344,1
3.10591929877505,1.3546177053293291,-2.1167807222645476,0
0.3072347776322925,3.850313961349198,-0.17893657534319898,1
0.7927519483515721,3.4115978913785567,-1.0436039372303698,1
-0.5083841898510832,3.3727623512543476,1.962533371286882,1
-0.8682990788264113,0.3226140448946537,1.661499616919834,0
-1.2974385948945315,3.244075164711133,1.4524540213353931,1
-0.6404576838501465,2.9524238656804176,1.6546392236484357,1
-0.17860857607901504,2.0463398651231417,1.3304519891410929,1
-1.0335960824457913,3.0664103835648713,-1.086859406561427,1
-3.0415543035069468,2.2471967641768953,-0.7004481121443942,1
-1.7394247770332445,2.6268763675584417,-0.8313905002815511,1
-1.233598469718219,2.742164440637114,-0.9981205584556896,1
-1.330953600144442,2.7683377807801772,-1.1760169278015344,1
-0.7587739634338037,0.368852246655066,-1.243790751375936,1
-0.6151280881196567,0.3563379948177291,-1.7153006866227198,1
-0.9729228035053253,2.756576891434269,-1.240781942275402,1
-3.354706923673722,-0.31864781208547466,0.16164763912507915,1
-2.390483939344573,1.595357914887838,-1.7616384548752486,1
-1.2006669614827947,2.7745822661634043,-1.0757788201527625,1
-0.839798751517333,0.2673772383634233,-0.6142152214300955,1
-2.213727718442395,0.6018896429188801,-0.3626778805343633,1
-2.967721402677312,-0.2664388530615384,-0.28681698398011446,1
-0.035254009314569,1.3847797095724155,-0.41487844058856765,1
-0.2756478989265361,0.7561854698153477,1.6333787597530556,1
-2.119839642503135,-0.8904622231956585,-2.206006379219287,1
0.5598215091655587,0.5089177827297559,-1.8840412872674028,1
-0.5295158975624804,-0.37144145631314696,-2.1437798160739434,1
0.4872958510407227,0.6932451985415051,-1.635925387223197,1
-1.931833304672598,-0.3352624744030163,-1.1823197689006901,1
-1.9094411056234766,-0.7698267277777082,-1.8389468121959527,1
-0.5056389833800455,1.0936874902538314,0.45167118929390326,1
-0.6593928085300127,0.8396257538169951,-0.17348058273379266,1
0.13957045549011052,0.6763659647715222,-1.4491323189494099,0
-1.628199625573049,-2.153237715402895,1.0735802976131943,1
-2.7277959784478063,-0.978479453031126,-1.36654861539848,1
-1.4726280102947347,0.5103801767406795,-0.10044599558815837,1
-2.5495932517182442,-0.9757652249167776,-1.5711930192043884,1
-3.1123099749482073,-0.9568316642564539,-1.4014181582058793,1
-1.5645206265472167,-0.10773639290826319,-1.9552011203753317,1
-2.938786426962632,-0.9468094764628284,-1.2568102584542626,1
-1.405088613933296,-0.15583398304361692,-1.3037198723379406,1
-2.380445115174034,-0.7902826804249172,-1.6925086861109084,1
-2.0670846522495063,-0.054719419665184135,-1.5798314713584594,1
1.5638295417010117,0.5409379106329772,2.8199833115207387,1
-1.3042160380853969,-0.5821812595382189,-1.4005105955348935,1
-2.4327774293667996,3.0566732663690344,1.333434576260723,1
-3.21179365820947,1.5411292406966481,-0.32436483336345856,1
-0.5905101142306767,0.4351990495403023,-0.6423258124415245,1
-3.069294791626388,-0.2551347619064417,0.024495008860739343,1
-1.8919246017771598,-0.7107611458627705,-2.1861923276024635,1
-1.8224760645469649,-0.9976912534372866,-2.1409860164086063,1
1.3125127366435971,-0.9611537589495746,-0.3942418042850157,1
-0.06458828449794857,0.3145083926082656,-1.7359254868830811,1
-2.3768906615114296,-0.6565089745551712,-1.6186369700506738,1
-1.9877388838276044,-0.750343273187356,-2.2035930213592896,1
-2.225606727374491,-0.8969255604000146,0.184477553382384,1
-0.9865290233073182,0.2905015361321999,-1.706216364649658,1
-2.0426900538026875,3.0579629253523204,1.2693037798732105,1
-1.1485234555995825,0.27506299663121403,-1.8808209022002729,1
-3.0008422591788517,0.00414144063556759,-0.2503167427219582,1
-0.9423331093614169,0.2621917486251991,0.47833939411396464,1
-2.6395183549373984,1.549495409504641,-1.3352854384098747,1
-3.6765902422193917,1.4324447541139382,-0.6369936070752332,1
-0.617956744326249,2.638578530941029,-1.2391995954501551,1
0.46427289349831213,2.058108011312005,2.127928333192928,1
-3.6686376274608588,2.2385937919281274,0.8257616064989434,1
-1.8004492193716382,2.1217916409772903,-0.8459541993136304,1
-1.9602545847195816,3.466227626235213,1.7633088916770698,1
-0.5133905090979551,1.4438294836289818,1.1107713563503196,1
-1.213295781487613,3.2336630641759605,0.6266898679173907,1
-2.8314970169137177,3.194218454615738,0.9637612798847037,1
-3.097047916301705,1.460576810397243,-0.9483153875315455,1
-1.5669743319557328,2.1505613986856953,-1.1871881810382106,1
-2.416883800260532,1.5294976680482602,-1.6478477604420314,1
-3.061512397370378,1.8031745024774732,-1.0583976669472575,1
-3.221493224375819,1.9872651363138831,-1.3196261640266558,1
-1.564930386820809,2.8442414758676637,-1.0925674495387012,1
-2.1838575417063657,1.9720410432032416,1.5398102637141367,1
-2.984795169287145,2.953319791376283,1.1078416426660558,1
-1.5887939384025287,2.3719236980687235,-0.17054168733741623,1
-3.1642216067538778,1.6774389871902267,-1.125269792094651,1
-0.17003829955571245,3.435086493138762,-0.8235795842984667,1
-3.552635221780067,1.3322821228979587,-0.8894084713051115,1
-1.0644648258489635,1.5556262578646498,1.4348407158289387,1
-3.2255525309169677,-1.3450714869345104,0.5454956167655944,1
0.822074588056295,0.7212710150639976,-0.2672928779556081,0
-2.31620081933014,-0.4539470319958128,0.5434603748893235,1
-1.2756453990973853,-0.6553450928092397,0.2736776043597951,1
-2.550768738921983,1.3593384823948853,1.722216233090616,0
1.101476985490274,1.8973643359939962,0.2761939300861618,0
-3.4783696353099716,1.6434756917836506,1.1145197735383576,1
-2.087803661256717,-0.1495769569572428,0.8599895475662235,0
-0.879597276592702,2.453891491104142,-0.5377972301687087,1
-0.24113971396538228,2.529149600463663,1.6227465235328182,1
1.9328149259947862,1.1025774496655347,0.048910051319932334,0
-2.859413067247642,-0.29293992306399563,-0.10604598377350118,1
-2.1340055356721757,-0.6284952950819648,-1.913118378661369,1
-1.746942886491901,-0.5112098428444699,0.8432899844255671,1
-3.1836012985895503,2.171768190955935,0.5909679904670176,1
0.03476330019868448,0.8326759321833208,0.012640702891954705,0
-3.016746115759566,-1.07043354677953,-0.6111040244887924,1
-1.8444636330762734,-1.6492416986002327,-1.861038091384546,1
-1.3471934866650228,1.1695834193402403,0.46270272143613045,0
-1.408879363912269,0.41973761919422586,-0.1450448561355144,0
0.5743142459505562,0.7795458052393186,-1.7356021714685577,1
-2.5568285837875746,3.0356527503254127,0.9282345147381563,1
-1.8340665910527536,0.2490564635855205,0.17089534199986345,1
1.0824078334966794,1.2739668777218103,-0.7818898860927246,0
1.1849891025949586,1.2193783970425964,0.5335752720705528,1
-2.231558412635377,3.189180487515237,1.125944935700823,1
-3.3488654671860725,2.113037716305117,0.38387871747224017,1
-3.0425271471457105,1.7230283389169614,0.8590067964829259,1
-2.195351320792412,-1.1404634728587377,-1.7315683968912419,1
-1.7021507808611582,-0.7369203719109401,0.526240103057786,1
-2.7880563902272137,-0.3585941309708721,-0.3029177302353555,1
-2.034297837866734,-0.2223393465853833,0.44074641712298157,1
-3.2628440242103176,0.9524685006096139,-0.26231320759569976,1
1.1005467808397256,0.7331701887520256,-2.4036943713444066,1
-1.391288097677981,-0.08672932285331991,-1.2241199317844533,1
-2.9392241772870698,-0.2765276621110076,0.08584931267561113,1
-2.709555844367436,-1.1870221483790608,0.34563091901987714,1
-1.0764333656409064,-0.329195157248862,-1.747952774832196,0
-2.89560934111747,1.028851161563826,-0.6111837009881541,1
-1.6168459766904388,0.1658700105410288,0.04935398008554076,0
-1.6000700282195244,-0.23693341900675804,-1.6055658034939704,1
-0.4432094817358666,2.671824490143186,-1.246616387297456,1
-2.665439138026873,3.067141291310463,0.8816700567167618,1
0.6486230683437209,1.3885193486691625,-0.9402558988340758,0
-3.512248917665231,1.2008252907005443,1.0799579674976263,1
-2.574293247472296,-0.6007952428310702,-1.7714525803398005,1
-1.9537746582502715,-0.9487825625304179,-1.1850351908220136,1
0.720161299539512,0.8719190092118966,-1.9573850144683589,0
-1.401379098532197,-0.07642625891869628,-0.8882202859512278,1
2.595013444703964,0.41786282096835825,-1.2732888658820751,0
-2.048379047720419,-0.17235781322451726,0.16137483031320388,1
2.8661510750673345,-0.12287436281031072,0.4160128148426933,0
-1.916206939536382,-0.2627930257883172,0.2228853419053095,1
0.16035300438068592,1.976503220095597,-0.27278397183927316,0
-0.6120613063294437,0.30881882777601993,-1.8410362448178372,1
-2.917455852050553,-1.069541737566133,-1.1562642958417573,1
-3.4459595552982107,2.0025525392284518,0.7863098103604701,1
-2.5751872330819223,1.460770393481951,1.6222721224470644,1
1.94315792259954,1.084151790608827,-1.4991286503433225,0
-3.324812039553294,1.6277871760103886,1.4861197831836648,1
0.24111006345327832,2.574098850945512,1.2948291622408712,0
-3.2086468933795698,2.1206176965758554,-0.7229044436106629,1
-3.1237798676108266,1.099882109800261,1.127214114050014,1
-2.123496026386636,-0.8896227461626428,1.212941410633111,1
-2.1201073113317377,1.7054364869551046,-0.8801448849677161,1
-1.7135346208257831,3.7940497540627107,2.062332767372196,1
0.14799600406920965,2.692309413724734,0.8941696538021681,1
-2.5495619543390626,-0.3764314777339996,0.48709739083711806,1
-2.5667744603206004,-0.7680695130584302,-1.5379989247112278,1
-2.1698783015676364,1.698902014290026,1.168339683860107,1
1.6585860790621987,3.377072709588004,0.8632627337053816,0
-2.545143321872533,-1.0967713729598219,0.30583090372211774,1
1.601290157058451,0.6308987781059422,-0.20304388701288056,0
-2.261327328610421,-1.7898858148399008,-1.2406303403703425,1
-1.632836476919522,-0.9644531592378329,-0.8554759801052251,1
-2.3732506726440463,2.6904746870062257,1.8039662977172828,1
-0.5386378450826226,0.7994871945463566,0.8656015336851065,1
-1.0244689381779755,-1.6146945408316764,-0.935506719842342,1
-2.6414935963340933,-1.6704118026191164,-1.1608954739677246,1
-1.0298444353544467,-2.803928593202435,0.826601540311948,1
-1.548504349227628,1.8275999727295262,0.04714448616389844,0
-2.1941476637556128,-1.3051479594265347,-0.5947946798542424,1
-3.156405888531479,1.188216459656868,1.5388537642213815,1
-1.9855663580953955,-1.6446453040907751,-1.1798282754546037,1
-2.550436425558505,-1.432321686309924,-0.4961382000791151,1
-2.122849951894127,-1.8193042687778753,-1.0589253739000903,1
-2.864764750734648,-1.0090228096611098,0.6119541417816216,1
-0.03127008636658522,3.122557451632559,0.8083051613037862,0
-3.483748044373327,1.2251947505139364,0.20193902984728315,1
-2.2871495916219593,1.729132588812151,1.3129446276565249,1
-3.0351285029328863,-1.6746742200918523,-0.7450225906389503,1
0.477856011664541,-0.4403116695487629,-2.0940628954015654,0
-1.3773096969358332,3.1417444171848823,-0.14588103867178404,1
-0.3933128674298226,-0.1988796404760107,-1.6027794985467148,1
0.8049233944763048,0.2793126083386671,-1.2873303760376904,0
-4.12625982236772,1.2023860359931537,1.3742987503939206,1
2.208348861202008,1.1670572090646887,-0.18433719534797383,0
-1.448536580831166,-0.5095973899231501,0.9530474688802637,1
0.9550738832732778,0.7582006848406819,-2.1454608338846266,1
-1.3550496387441402,3.157879729495295,1.6691969790601142,0
-0.4926208112732785,2.539118962204932,0.334040861212961,1
-2.42846658289743,-1.562732934488951,-0.9966772890276062,1
-2.1977255387130463,3.068343197982998,0.6652391711242472,1
-1.0682658326940346,-0.4636830268139413,-0.13437669899643703,1
-1.0105436492414632,0.13521111147125936,0.43665427887675134,0
-2.865660846350736,-0.9988620525591704,0.7861153176307806,1
-0.7624421072428239,-1.3847549598615356,0.5769107208671732,1
-2.1370298803493077,-1.2284947567243614,-1.5928891397238516,1
0.6666955736279495,0.8665580689373754,0.24268061775787997,0
2.346349704957697,0.44677879836795326,-1.2741776215817835,0
-2.669685222923481,-1.8798935514183266,1.0773503396271409,1
2.2118200304503777,0.19780092389283926,-1.0363978334714712,0
-1.0957032577243013,-1.0035068494329993,-1.3318677376596333,1
-2.6675042556601167,-1.414311168048101,-0.9540392942139817,1
-1.8299926892186462,-1.492955203764557,-1.6243752714019482,1
-3.671432777921995,1.1626242252131636,1.3301251468756807,1
-1.7071476338762122,2.7712055365459904,0.656245011514996,1
-2.519477096184626,-1.0918629442904564,0.19239165379153964,1
-2.073685443947746,-1.12140723600843,-0.9856796740300943,1
-2.4354453545095893,-0.8754328275276531,0.22847337300706597,1
-2.8051878677556465,2.496213197900976,1.1166408869276399,1
-4.178220391732184,1.5218104955105478,2.1951805262006423,1
-3.0868579868813533,0.9011871329039066,-0.7284307692875591,1
0.5791949174936228,0.302861845248696,0.28872549014436544,0
-1.8201304880851177,-0.5677488857437197,0.6564130997416637,1
-0.75575585159403,0.39621979371612526,1.855632300608029,1
-1.2888107363415016,-2.9129025745615267,0.4646413721772898,1
-3.2599296261225326,-0.6569188231165176,1.3104357195828051,1
0.8641776785997585,0.5006368429934974,1.3401750077995966,0
0.867484606942191,0.5193350790789588,0.0007504307256109675,0
-0.06271430074107882,2.9008004921909674,1.2502348116768263,1
-1.4092940499731166,3.495514250755151,2.3742966116107547,1
0.7331896289539859,-0.010212082548527995,-1.1190049371706983,1
0.24388983076954734,3.8395686521908674,2.0803677203678963,0
-1.4948294817898353,-0.8683236853788872,-0.8422390865343586,1
1.165513468478589,0.5737412549423344,0.9182109388005113,0
-1.8635414058619957,-1.1838224694325858,-0.5176910680427376,1
-2.7383616773871733,1.4685145953943632,0.7856083806542022,1
0.845396134281853,3.532686901783567,1.50897626662295,0
-1.536052452625802,-0.47437181587692445,0.5512130047046653,1
-3.445583082608485,1.161740837836348,0.5973901442125583,0
-2.59558329634079,1.747717649872494,1.3415898348452393,1
-1.7228909078220676,-0.702224172963714,0.6015530868078145,1
-2.9080066271762606,-1.49323005551163,-0.6207758928029685,1
1.52031341584009,1.0844983791785108,0.477302281282947,0
1.9474226474827974,1.0121656507951362,0.09220132671800857,0
-1.9472008607449989,-1.7749822480807724,-1.0610788625303147,0
-3.237808179807953,1.5376219659056298,0.8243468646240354,1
-3.11106263140382,1.178248654521587,1.2548128618015564,1
-2.8076354797723013,-1.2468652429232696,0.41074392855792247,1
-1.8654866913446029,-1.516453636991703,-1.7082598407246805,0
-2.632756930248792,-0.6825653768835714,0.28895102831893255,1
-1.538628402091513,-1.2286850036120553,-1.8198749477265959,1
-2.616740659060589,-1.744728311631493,-1.1275500252163586,1
-2.5496919538810596,-0.5534715178893347,0.3936264558170018,1
-3.4840986245014745,1.3096334296529404,-0.40009141883637567,1
-2.5158270696850016,-0.7804783593847527,0.38395082878930475,1
-2.2051131140769096,2.097330952278538,2.2459846772909766,1
-3.8351432147717093,1.5228394960072376,1.2885171963739313,1
-2.744053121191815,0.783181677831464,-0.5430685589626243,1
-3.200214594607651,-1.0881400570788653,0.4132578035075445,1
-2.5228028472669437,-1.991932372219381,-0.7944279484607294,1
-2.772336991438589,-1.2258229917493375,1.263869417720904,1
-3.8667519935899115,1.2372564178889487,1.4500981693475743,1
-2.863622384109552,1.1013521132212998,1.1128913170172243,1
-0.3033842039199242,-0.9874502256893624,-1.571646960307412,1
-3.4168858070850026,1.216087290625654,1.349407220442431,1
1.3031798976830613,0.3456290837875395,1.5528654653723906,0
-3.639259765620014,1.3962597744579235,1.198367481547259,1
-0.7440782799520558,2.3704642194370447,1.700745581057195,1
-2.1052546329005666,-1.6658199555015927,-1.5239661839276397,1
1.0954672348331307,-0.38804859449591295,0.6671734546624454,0
-3.0059197385099616,-1.0467110546024125,0.5203443622976106,1
-0.9461773732421545,2.4901502748011617,0.33765291379092954,1
1.594114579382177,1.0895207245160419,0.34387417730371733,0
0.49137294036441576,0.8756083531134214,-0.24556609685528485,0
-3.130756422303111,0.977004613396852,2.6458123905188047,1
-1.361788118010614,1.9759828578931837,1.7279254671506925,1
-1.9761558442453029,1.3465455298277684,1.607737556739052,1
-2.7961862504473567,1.1327325844909863,1.3652992884096329,1
-0.7074573770428432,-0.5049108972279452,0.5879698458124435,1
1.468815608678234,1.143096185784974,0.47802269209191706,0
-2.073550086522348,-1.0918428720951374,0.7832520160130343,1
-1.7225536988302745,1.941446032488084,-0.5243479353139665,1
-2.781335665185388,-0.8749209597643676,-0.05487741377379323,0
-1.268450662909609,-1.339841288497486,-0.7597575996086295,1
-1.0647462907921583,-1.2262359106850902,-1.1133453760289547,1
-2.4996090806402673,-1.2055043517529813,-0.3244009469195433,1
-0.29028051503411856,2.036061169452996,-0.030983653277811895,0
0.6439677000488423,1.1662597056291215,3.0103558810549127,0
-4.1389302711465135,1.0690039381204914,1.49647405569421,1
-3.220946162046596,1.1577257884954162,1.0391500592040919,1
-2.38482751405011,-0.6676627278261827,0.3376944929240325,1
0.031120600643912363,-0.6638976969855229,-1.4843868371933762,1
-0.07752837683099931,1.0800132293728137,2.963540419245874,1
1.1559091956802878,1.4833314460329619,1.0386958269173183,0
-1.7251743182379184,2.647886648685067,0.7617248951376454,1
0.11493339127950113,2.0751510633267922,1.7970461362524728,0
-1.077397872569971,-1.2064820422500364,0.4777401380883272,1
-1.4660916118789713,-1.0054220938725669,1.387172280161713,1
1.514290526866894,-2.4570674648931132,3.8013310694288265,0
2.428513164869914,0.27706727296249983,-1.31356365878532,1
-2.1067515762923716,-1.3798614169615508,-1.4022731581562045,0
1.1647259240019243,-1.8521569715478305,2.716664959293687,0
0.8923393170217366,0.38274689764835296,-1.2917712651645972,0
-1.7538162692365733,1.2202922306474495,1.764211659398157,1
-1.9814079769568769,-1.5406399556733674,0.4919165688193343,1
-0.3682308048014733,-0.8340803283674507,1.2276247361731074,1
-0.27621285833307163,-2.826298454836938,3.698952374654283,1
-0.0801776866023399,-0.46109556203856233,-1.0656485195032646,0
-0.7996388500767492,-0.8412919038210488,0.3418850220450484,0
2.504020754698022,0.3424220293885487,0.9293964564857451,0
-0.026145363005213442,-0.2728188066073695,-0.03301359027447347,1
2.183072745284373,-1.2839095655677628,2.663022310216453,0
-0.016395436725768188,-1.4560028821873516,0.8014521394561563,0
-1.9419772611020842,-1.9146788224168798,-1.4848006962627445,1
-2.968642411209675,1.1329825961152478,1.9291916729316558,1
-1.4695453578215465,-1.0234620736706732,1.4683468114492138,0
0.87483913281695,-0.4946477156306619,-0.9502575388599439,0
-2.706747281204406,-1.710545854607542,0.9155471045362615,1
1.5186285002910602,-0.40003500111571016,0.7060757848760523,0
0.5098496261398987,-0.818870826623736,-1.4853243758612251,0
1.4736567564586232,0.26862590029026207,-1.8525161821243574,0
1.2561988300291984,0.41920624574456156,3.2001526098584203,0
3.1901713282259703,-0.8741613771236101,0.7322114069445201,0
-0.49032751630541027,-2.7242294695871805,2.2136755147034926,0
3.0720697804423813,-1.0370849521990444,2.864815942227819,0
0.2847943640151615,-0.4607658169073006,1.3239914911660156,1
1.721501168442609,1.7506211806918084,3.9082520888340917,0
0.5597739891141461,-0.1674142239036689,1.1916189739675922,1
-0.0075814043142353425,-0.2474686894367397,1.456711232852423,0
3.8204668127549994,-0.713941733422141,0.3180201226786318,0
-2.6078030512362966,-1.7686389002717697,1.7686708174096977,1
-2.109508765730875,-1.5162717605711205,0.47446331689948495,1
-0.9386506768647186,1.5160188013229534,1.0197416311378535,1
-1.1499704444430072,-1.045544936830128,0.7973991832768912,1
1.3824220506760208,0.45382876432789127,1.8444633067437082,1
2.4474393213701977,0.6068962677471547,-1.4223704995055233,0
1.6821013413724155,0.11801907940494867,0.450258344739532,0
1.8687824061299614,0.06972639881242045,-1.5000588037631393,1
2.2691407966702504,-0.8925674949462652,0.6107399218250738,0
1.2358078588176336,-0.5569783529936864,-1.4151445862253365,0
2.200499872918762,2.959128200986369,-1.13819048597419,0
-0.6428788983661776,2.133825712311618,0.11363371191959598,1
1.2256883253818835,2.9521371894975577,2.022496557480233,0
1.642811426904314,0.5712645308033729,0.6538903355885128,1
1.7148618718169726,0.20295358570768723,0.15748597622664828,1
-0.8744470657262098,-1.1967438459114657,-0.962107953609915,1
-0.21841976917676492,-1.7935483435929913,3.0739382176785686,1
-1.7711025814001258,-1.940296743770443,-1.6155994626618237,1
2.2307060313674767,2.889052258886339,-0.6016056259197364,0
1.945478562471413,1.0565188169544393,4.42318515123672,0
3.5783189617739444,-0.7134018495334424,0.8846897597877978,0
2.3748194771330913,-1.6572397818647318,2.517019008120068,0
4.149403543570963,-0.7515628442203623,-0.10642511166717585,0
-3.019800942720218,-1.7668900406481713,0.9563730367291202,1
1.680509420908973,2.0047416634553605,1.4686233681934209,0
-0.8478190031468908,-2.681180318432802,0.8908254177718647,1
0.1626113509397804,-0.5635835385069913,0.9372666382274503,1
1.373680523490098,3.2122938401311307,-0.0008042119414778116,0
-0.6683052969139625,-2.963677607011067,0.413692223061235,1
2.7121585677096953,0.5045982087175985,-1.3581643011124944,0
2.8468755137242,-0.7067904951441868,1.7967476810878007,0
-0.8367050212869575,2.6688052974093193,3.24016862443107,0
-2.304863645297702,-1.661549984018262,0.7536378525271161,1
0.11302003520388729,-0.974158937134364,0.5280291459102004,0
2.5395632383296642,1.2909369465213447,3.6141237860495337,1
2.1115103589791024,-1.3682615606313653,0.5804156753560835,0
2.5420625366598704,0.5098024694420086,-1.4291834156507908,1
-2.4346061770414593,-1.9191350033203807,-1.1008647412812487,1
0.9634921152407547,-2.376746992752792,0.4448435961480164,0
1.8102948075673198,0.2811636590925879,1.3611325753262056,0
0.19744924585860124,-0.71688311290133,3.1405166768278505,0
1.9681536547821543,-0.8975112307694905,0.5483158933093377,0
-1.4295652428971588,-1.7214968545120122,0.42281656884907415,1
-2.032904621619514,-1.8027917423915838,0.22190293915138798,0
4.002101610316944,-0.5893616312347537,0.10479425783379492,0
2.447506538535906,-1.24894667332713,0.5403471685578153,0
2.732757155992611,0.263310025225003,-1.2545145758991356,0
-1.1098432519566181,-0.6696664064636487,-0.9962098289199726,1
-1.5394686370170203,-1.5662432330110312,-2.133413339419538,1
-1.1051667839244725,-1.089522456327653,0.7058667449188143,1
0.704639121737673,-0.4812119287130215,0.9848346952448034,0
-1.9953511143348297,-1.4047412216672472,-1.6599664571949517,0
2.1896001092762987,0.3282283142886138,1.4591408606266387,0
1.3001256335757299,2.8731981904705863,1.5816676446916975,0
-0.6303071415567982,-0.30500908002942934,2.9302757043451386,0
4.086642166566031,-1.1210950283203316,0.24040208977404684,0
-1.046669684855436,-0.98115109584676,1.0274127069985108,1
1.1379988803955328,-0.5448214484684735,-1.353650562586832,0
2.2186861689378503,-1.3483342794570579,2.856503148206858,1
-2.5221099653883194,-1.8336963725426327,0.5522229318764312,1
-1.9851132600833459,-1.2710972583592608,0.08488064460935262,1
1.3540102814588197,0.08801533367154898,-1.400452844734533,1
-1.890138108057445,-1.6749516361932957,0.12275599700680279,1
-0.39843931466124544,-0.6390893932442598,1.0509046230823156,0
1.4653432909937967,0.2720154768033611,-1.6033286181953827,1
2.74745262121066,-0.91785164890608,1.3033640392158985,0
3.579092770278731,-1.0470641917864658,0.45739606674009653,0
2.2780064832527946,-1.1030852558620734,0.4510023105204878,0
-1.2802795230892734,-0.4339003687907749,-1.2062402874608271,1
2.588370273240968,-1.1583314522908335,0.39944521037091085,0
-1.6741441303882203,1.5949022659983831,2.0368696282103533,1
-0.7195569739035476,-0.7006340020672649,1.108878165572027,1
0.09616093023669739,-0.6922630893148528,0.6220222062472485,1
-0.6410053763300094,-1.1003169672187942,-1.4845230903465676,0
0.012218810552774625,-2.187088969341811,3.279144307117781,1
-0.18717954635789946,-0.5962587917669431,-1.4683942420536487,1
2.3665694220838356,-1.2067888541166008,0.02543758088022483,0
-2.290803329951588,-2.968581595730747,2.7706463712974903,1
3.0435097209998805,0.34214899107670543,-1.9263348874823192,0
1.9732976265668494,-1.3531902341516033,3.0670925059106393,1
2.6692557421779313,1.5383325822582765,1.8404731700933763,0
3.1244000212741305,0.14318310934833228,-1.6901377166002303,0
2.528990704742245,-1.5742705847979446,0.5785162927782913,0
1.112270049808933,-0.08037376167794034,0.3766513426156095,1
-2.79028659364889,-0.6038768223833128,4.662555169163124,1
0.5474921644522327,-0.9282695423196845,2.3489724902058065,0
-3.108207565317528,1.1990099601178108,1.697666322190979,1
0.46328802880058617,-0.24424981900345488,-1.0549330053486181,1
-2.6554574514425697,-2.048036809715114,0.6863267588567811,1
-2.498706833506558,-1.669633645180525,-1.2663493045843857,1
2.486933272518737,-1.282877383780433,3.7531150928636747,0
0.8570580015464702,0.2135066267406866,1.4537143033256679,0
3.1258911690203934,-0.6798396618028303,1.1597941483799608,0
-2.465036283031185,-1.6341468252750722,-1.378286730143045,1
1.8262196644424504,-1.2898000389683895,2.996220884616228,0
2.49092187536354,0.3116789341197705,-1.3195497216889716,0
-1.1637725526591474,1.5485514918568155,-0.67854656969716,1
-0.7012738825477979,-2.8352744233909823,0.6044786533230029,1
-0.7338158572513874,-0.6685282728231361,0.43307844286404507,1
1.8604651246883273,0.10545191174549674,-1.5762538439532707,0
-2.7159570705204477,-1.1678581592610249,1.01877579037452,1
1.6706002419207222,0.132429205386885,1.4324303981720763,0
0.22694429141851313,-1.9010856223231145,3.044667993014365,0
3.0527938743107064,-0.8085535990966133,1.553763776993686,0
-2.7403395700068827,0.8266280255779279,1.3744215027348938,1
4.340839929951405,-0.9806433311378,0.0007684476749468014,0
-0.002060809361867305,-0.6759176641897016,-1.5500030768929145,0
-1.1763065695541364,-0.7028352491771652,1.2604326955554108,1
1.351490411381714,-0.0031505255826546593,0.9687959551087856,0
0.9756513178607562,-0.20840732581771707,-0.8427568563361638,1
-0.08264362641108082,-0.49389673708268317,1.0914732478761389,0
2.5782202978245934,-0.03469728896554061,1.503538273950684,1
-2.356314841933535,-1.76811019779273,-1.5610841526168877,1
1.5976567889935986,0.23180590459539357,-1.644933667739572,1
-2.12612026045269,-1.557712176722717,-0.1109619744533341,1
1.3741387890073757,-0.030288857477863425,1.5389287877177544,1
2.1821074413410617,-1.8514936109920983,2.2091480430465897,0
2.9575516849290615,0.43539300035062145,-1.4632389412030746,0
1.7275094771399413,-1.4816893574663246,0.90134852487074,0
3.2972577139248544,-0.8140030936784639,2.7473166124621895,0
0.06644039817293534,-2.056237616612307,1.0363834971225683,0
2.9140125571645985,-0.9314286483845934,2.884744433345755,0
4.086825520588176,-0.7416620208842736,0.04852576822320937,0
-3.082403979363259,-1.6548965736256058,-0.6752548919180761,1
2.8864660662052666,0.019558413675760385,0.5496570613721323,0
0.25090199373909466,-0.11777229923942839,1.6384218486228181,0
-1.8238336422762866,-0.3022424242840763,2.0550624725409086,1
-0.7596450829446163,-1.5093749446864693,-0.8136910689816118,1
-1.0044454650524415,-2.8115719665804857,0.8981194142262267,1
2.666929405580259,0.28977419260291254,-1.296026543452239,0
-2.604149206035343,-1.9350601830685181,0.8408780535066213,1
1.802967904511463,0.24056029545079868,-1.9319471719444392,0
0.49065684247776115,-2.313594786302065,1.1343251883288281,0
2.3910243382606837,-1.1331179660836699,2.2205181504299767,0
-0.16844870289740985,2.7592363052748565,2.2436845834355417,0
-0.5231037938748453,-2.741350547266802,2.19916341081537,0
-0.48505025565774457,2.1561239124472062,2.9554302953708174,1
-0.9025204061060309,2.4813042245440657,2.966651903249076,0
-0.18111179353150578,-0.4565657656308775,1.8380714242546687,1
-2.159498027238555,-1.589823144146704,0.6010279309699681,1
0.6411028467332304,-1.403917397922423,3.279215252746327,0
2.6226103273896637,0.6717457734238291,0.7482510372289553,0
-0.8682900780773256,0.41269119647831176,1.7852072363271279,1
-2.62433996800792,-2.2303236975342315,-1.099321755800864,1
0.1093929060314115,-0.7240340768521538,-0.5686836399937059,1
-0.8654940676275473,2.054566225936838,-0.16632056224361486,1
2.4315691650334097,0.604566033011416,-1.1575894116567833,0
0.9607493536472556,2.726049941040684,-0.060634314538303556,0
-1.0065438163562401,-3.44200593076839,2.860918261937446,1
1.549111436811674,0.2649009794196584,-0.011174371593339588,1
0.7888927843944099,-1.8533669771990602,1.9789474037125108,0
1.5162605006675378,2.8453348072309073,1.850850177950896,0
2.2336359835483117,-0.08737320700626229,-0.9775875376175773,0
-2.713385027751108,-1.587049309976248,0.5607346006676743,1
0.6811250243554404,2.6764270818562514,-0.921534422493986,0
0.49677921301943045,-2.3231637328302237,3.2540523964725643,0
-2.103031384882973,-1.5485455273427993,-0.18325151629447223,1
1.117158301134142,-0.048478045045911855,-1.154985748456249,0
-2.6136339522575556,-0.9841250936266143,-0.5583823038798267,1
2.8694379787477935,0.2052334082502556,-1.4893589901040845,0
0.24279303845890823,-1.0801694325876563,-0.11140614086739888,1
1.9196845031644207,2.884660853830419,-0.36473107179057196,0
1.7920623361592827,-1.7824524817043879,2.9083343515148505,0
0.32673084225670673,-1.7701265830347863,2.4132421062192404,0
1.6879767228790754,-1.41744873302302,0.8985210158582183,0
2.2628261965954057,-0.7620642831261315,1.9751825570004706,0
-0.6081276961046044,-0.9024154500981496,1.0632430886118953,1
1.7965125223643175,0.3458475394881228,-0.6044794167270505,0
1.3546257970072628,-0.05523892600586921,0.8117432146309873,1
-2.464773526094708,-1.8844530423407926,0.8722425942026307,1
-0.15028861742137484,-1.2562561717736955,-1.3202145882573288,1
-1.9890464643647279,-1.7802661894511442,0.9377879012620058,1
0.06456966282193392,2.1068713549877014,0.7255728860655571,0
3.3969426671368694,-0.8311032365308753,0.8591020135874549,0
-0.7696644169965726,-1.1131256411824502,0.782206960203678,0
-1.2606506837883995,-1.4376824678576452,-0.7254903981293195,1
1.0751440176277256,-0.23992954243391815,-0.5926464553187477,0
0.378847190122903,-0.23981405273826142,2.1742815478297732,1
-0.354943896209918,1.8904996485196914,2.0698333416548187,0
2.282095274652163,-1.2893917170668736,0.5924156752733523,0
-2.4434072737325114,-1.6826940585985228,0.7005122647190384,1
3.4812431432322253,0.2153145320237442,0.09271561452533118,0
3.4962353569410296,-1.138653858097653,2.3617971523713175,0
2.9850136133363283,-0.792192454915136,3.2690887501350043,0
1.0945392679183163,-0.3314348481945134,-1.7257261548848162,0
0.6677927416947039,-0.2469494983152979,1.0557094008171442,0
3.0918015138179937,0.3709077468580198,-1.710925677789656,0
-2.20329612419439,-1.7395861965209514,-1.550229130410681,1
-1.3489332737165398,-0.9185545178399505,1.3103346455768152,1
1.864337230580563,0.4124316406935711,-0.578599133556977,0
-1.832896530649142,1.1059050117384233,1.6673838539341073,1
2.6429643840474983,-1.237983328307554,0.19808765168630463,0
1.355459595740107,-0.20452431800834972,-1.6806417396412014,0
0.8747832936048018,-1.4842319342766783,1.1702321969384488,1
-1.9652589369806828,-1.0288978230115418,3.265808424565895,1
1.810267531252526,1.5186770028612433,4.606211486620141,0
1.1098061499695515,0.17797229728101877,1.3736049107553894,0
-1.1090216803219128,-3.000551441757289,2.8690518458842376,1
0.04978270828489257,-0.5912910410020397,-1.7900306929013863,1
1.8155162617974745,0.008897973288422581,0.342339542808398,0
0.1040099745683946,-0.8317437859047505,-1.6849090610142616,1
0.283659627024162,-0.2922196058587162,-0.543000203004082,0
-1.0108707290758403,-1.9614020738828442,3.973233160515544,1
2.1593026585396884,-1.1325377174624902,2.5720024817637333,0
-2.2938131648868727,-1.6778105936126713,0.15990083250228268,1
2.2068557600978917,0.3086561009524141,0.9495704626874995,0
2.9909782890793255,0.07799952910508544,-1.329200451397136,0
-2.436157229258239,0.9416857955137173,2.7688974901495382,1
2.7246363351721428,0.0620886293078176,0.9119422953544789,0
0.6636767584089257,-1.837029007239049,2.607975148229711,0
-0.0043382376436005236,-1.803005025350935,3.659855043643467,1
2.592934328941944,-1.2665689072642556,3.146165466670564,0
-0.6127834058975582,-1.0023446569805314,-1.3461448346404363,1
0.9410955731675374,0.08557119687808652,0.8043677057991052,1
2.6172922555011002,-0.9240485701110526,1.5385433877703147,0
-0.19060269632150525,-0.4688812803565939,1.6384547315231386,1
-2.540564937006762,-2.008162920359684,1.116047049358657,1
-0.6736130432610788,-0.4429581959615002,-1.4586189523162196,1
3.0057153639506105,0.2622923109062703,0.4789066909383967,0
1.534223973499638,-0.06589995489043891,0.23100687651576807,1
1.9104691243713032,0.6399684341383851,-1.4067054404060944,0
0.9021215251404193,2.7554417443724626,0.27216726902707566,0
3.1123297265700307,-1.091070681580021,1.44573092278065,0
-1.9145087411370998,1.250592362156513,0.08692013855737055,0
-1.7817001676819566,-1.872725190832947,-1.3004128614014372,1
2.1405763897233174,0.2516632986616482,-0.4953157193088163,1
1.365211369007193,-0.21299225946434525,-1.2738312700163368,0
3.495676998280292,-0.9587353356579795,1.0567132333563738,0
-2.546770454418819,-1.6794910376991319,0.7872757053553497,1
0.7834149437714009,-0.6776023433220757,1.040072287281074,1
2.836385317047463,0.14298226602973718,-1.342258441508302,0
1.6871228138712333,0.19078579090203224,-1.2057156949554948,1
1.2445974676662974,2.867768474450593,0.1905352372450055,0
3.1678099123200534,0.24444579101575162,-1.646098479288179,0
1.7225168933906545,-1.8999184243415441,3.011480166213623,0
-0.22333975928136077,-0.3431975675508337,-1.1706484917613649,0
-2.8359336000392266,-1.8017700753796697,1.2291269563072307,1
2.588169252436621,-0.7072290574649861,2.7136146031071595,0
2.4295447298140864,0.5112924546545077,-0.9565049229412023,0
-2.2345301290296335,0.9143680420743414,0.9700168310921806,1
-2.3056907508984135,1.0337962431439605,-0.7833293639266404,1
1.8964168855492396,0.6641497193175843,-0.35936943455122095,1
0.06494294627640296,-0.09538550805516763,2.262181344754772,0
1.376249776204536,-1.4538684365303278,3.5281392838717323,0
2.196229364369077,-1.339408549384176,0.6015959730968098,0
2.3306200664283927,0.24287846143302627,1.0309659823399795,1
0.5311870426614606,-1.5617055212378874,0.608660499855169,0
-2.0364408111283705,-2.0398677724083796,-1.272757958432006,1
2.725923248914186,0.4130904180939197,-1.1079812551520765,0
-1.6450412404817158,-2.2555026883101656,1.9513836841825365,1
3.2987755720425045,0.39427244814159096,-1.9591666645923385,0
1.1796859013778853,0.2659384233529183,-1.0560424552503906,1
-1.3295193591889363,-0.22279703535223444,0.9900015719429535,1
-2.471701239061621,-0.6770694953053807,3.926172359009722,1
1.0807024988536567,-0.1973493740963348,-1.2241138514903256,0
2.464104310665713,0.3335783145054169,0.7351191099299572,0
1.7150135737505319,0.3366566104218891,-0.9755035422287729,0
0.08843001593332171,-0.18799005343471187,1.7356103332967343,1
3.5182192911990837,-1.3535399447982706,0.8692118418034941,0
-1.735699824849644,-1.0902269395913755,-1.4556631592052482,1
-1.655746023266531,-1.3116005421573653,1.071222333336529,1
-0.7895315005196865,-2.370799399498105,0.38732289776947054,1
3.2274689508338748,0.5335837269761607,-1.8401405067148204,0
-2.19936734818165,1.949947144045842,1.8352011062160427,1
-0.8897735018003045,-2.6038820401855474,0.43413872274406845,1
0.6919177388558535,-0.16136355918668263,-0.8689118874461182,1
-2.0671942814890714,1.685984660070319,0.2650602598938325,1
-2.2245546663746483,-1.202510264073952,-1.6061595308631593,1
2.2407884770242665,-1.4984079788420295,2.77694473247321,1
2.7399439556847756,0.5696337137632405,-1.387453070682632,0
